{"ble_not_supported": "BLE is not supported", "label_data": "Data:", "label_device_address": "Device address:", "label_state": "State:", "no_data": "No data", "connected": "Connected", "disconnected": "Disconnected", "title_devices": "BLE Device Scan", "error_bluetooth_not_supported": "Bluetooth not supported.", "unknown_device": "Unknown device", "unknown_characteristic": "Unknown characteristic", "unknown_service": "Unknown service", "menu_connect": "Connect", "menu_disconnect": "Disconnect", "menu_scan": "Scan", "menu_stop": "Stop", "menu_refresh": "Refresh", "welcome": "Welcome!", "scan_new_course": "Scan new course", "enter": "Enter", "congratulations_you_finished_the_run": "Congratulations! You finished the run.", "your_time": "Your time: %1$s", "previous": "Previous", "next": "Next", "send_pending_results": "Send Pending Results", "delete_results": "Delete results", "change_nickname": "Change Nickname", "delete_storage": "Delete Storage", "manage_my_courses": "Manage my courses", "choose_heart_rate_device": "Choose heart rate device", "test_heart_rate_device": "Test heart rate device", "scan_qr_code": "QR Scan", "start_run": "Start!", "gps_on_off": "GPS", "version": "Version %1$s", "trying_to_connect_to": "Trying to connect to %1$s", "trying_to_connect_to_address": "Trying to connect to device with address %1$s", "connection_successful": "Connection successful!", "connected_please_make_sure": "%1$s was successfully connected. Please make sure, that it is turned on when starting the run!", "connection_failed": "Connection failed!", "connection_unsuccessful": "Connection was not successful. Are you sure that you picked the correct device? Device must support Bluetooth Low Energy!", "do_you_want_to_delete": "Do you want to delete all stored data? (Results, Course, Name)", "do_you_want_to_delete_results": "Do you want to delete all stored results?", "yes": "Yes", "no": "No", "ok": "OK", "cancel": "Cancel", "quit_run": "Quit run", "welcome_name": "Welcome, %1$s!", "please_wait_while_the_course_is_loaded": "Please wait while the course is loaded", "no_course_qr_code_scanned": "No QR Code was scanned!", "no_cp_qr_code_scanned": "No QR Code was scanned!", "enter_nickname": "Enter a nickname by which your instructor can recognize you later.", "name_cannot_be_empty": "Name cannot be empty!", "course_now_available": "Course is now available!", "caching_the_map": "Downloading the map… This can take some time, please be patient!", "next_question": "Next question!", "your_answer_correct_answer": "Your answer: %1$s\\n\\nCorrect answer: %2$s", "want_to_activate_gps": "Do you want to turn on GPS? This will only record your position for later evaluation on the website. You still have to scan QR codes!", "cp_name_first": "Start", "cp_name_last": "Finish", "control_point_descriptions": "Control Point Descriptions", "do_you_really_want_to_stop_run": "Do you really want to stop the current run? Your result will not be saved.", "start_your_run": "Start your run!", "regular_cp_reached": "You reached control point #%1$d!", "wrong_cp": "This is the wrong control point!", "at_start": "You are at the start location! Click \\\"Start!\\\" to begin.", "notification_text": "Getting location data", "borgMessage": "You are doing well so far! How do you feel about the ?", "borgLevel1": "very easy", "borgLevel2": "easy", "borgLevel3": "moderate", "borgLevel4": "somewhat hard", "borgLevel5": "quite hard", "borgLevel6": "hard", "borgLevel7": "very hard", "borgLevel8": "very, very hard", "borgLevel9": "extremely hard", "borgLevel10": "totally exhausted", "you_can_skip": "You can skip the next control point! Go directly to control point #%1$d!", "you_can_skip_finish": "You can skip the next control point! Go directly to the finish!", "turn_on_location_qr": "Please turn on location to use GPS!", "turn_on_location_gps": "GPS mode requires location updates. Please turn on location!", "location_settings": "Location settings", "error_cannot_fetch_course_probably_due_to_internet": "Network error! Is the device connected to the internet?", "results_title": "Previous Runs", "code": "Code", "course": "Course", "loading_map": "Loading map…", "show_results": "Show Results", "missing_tiles_due_to_internet": "Could not download the map. Is the device connected to the internet?", "click_result_link": "Click \\'%1$s\\' in the menu to view all your runs and results.", "result_not_uploaded_yet": "This result will be uploaded as soon as a network connection is available.", "where_am_i": "Do you need a hint?", "show_my_location": "Show my location", "location_already_showing": "Your location is already visible!", "no_location_available": "No location available!", "session_has_not_startet_yet": "This session has not started yet! It will begin on %1$s.", "session_has_already_ended": "This session is already over! It ended on %1$s.", "error_double_scan_unique_qr_code": "This QR Code has already been used!", "error_course_not_found": "Course not found. Did you use the right QR Code?", "mc_hint": "There may be multiple correct answers."}