{"ble_not_supported": "", "label_data": "", "label_device_address": "", "label_state": "", "no_data": "", "connected": "", "disconnected": "", "title_devices": "", "error_bluetooth_not_supported": "", "unknown_device": "", "unknown_characteristic": "", "unknown_service": "", "menu_connect": "", "menu_disconnect": "", "menu_scan": "", "menu_stop": "", "menu_refresh": "", "welcome": "", "scan_new_course": "", "enter": "", "congratulations_you_finished_the_run": "", "your_time": "", "previous": "", "next": "", "send_pending_results": "", "delete_results": "", "change_nickname": "", "delete_storage": "", "manage_my_courses": "", "choose_heart_rate_device": "", "test_heart_rate_device": "", "scan_qr_code": "", "start_run": "", "gps_on_off": "", "version": "", "trying_to_connect_to": "", "trying_to_connect_to_address": "", "connection_successful": "", "connected_please_make_sure": "", "connection_failed": "", "connection_unsuccessful": "", "do_you_want_to_delete": "", "do_you_want_to_delete_results": "", "yes": "", "no": "", "ok": "", "cancel": "", "quit_run": "", "welcome_name": "", "please_wait_while_the_course_is_loaded": "", "no_course_qr_code_scanned": "", "no_cp_qr_code_scanned": "", "enter_nickname": "", "name_cannot_be_empty": "", "course_now_available": "", "caching_the_map": "", "next_question": "", "your_answer_correct_answer": "", "want_to_activate_gps": "", "cp_name_first": "", "cp_name_last": "", "control_point_descriptions": "", "do_you_really_want_to_stop_run": "", "start_your_run": "", "regular_cp_reached": "", "wrong_cp": "", "at_start": "", "notification_text": "", "borgMessage": "", "borgLevel1": "", "borgLevel2": "", "borgLevel3": "", "borgLevel4": "", "borgLevel5": "", "borgLevel6": "", "borgLevel7": "", "borgLevel8": "", "borgLevel9": "", "borgLevel10": "", "you_can_skip": "", "you_can_skip_finish": "", "turn_on_location_qr": "", "turn_on_location_gps": "", "location_settings": "", "error_cannot_fetch_course_probably_due_to_internet": "", "results_title": "", "code": "", "course": "", "loading_map": "", "show_results": "", "missing_tiles_due_to_internet": "", "click_result_link": "", "result_not_uploaded_yet": "", "where_am_i": "", "show_my_location": "", "location_already_showing": "", "no_location_available": "", "session_has_not_startet_yet": "", "session_has_already_ended": "", "error_double_scan_unique_qr_code": "", "error_course_not_found": "", "mc_hint": ""}