{"ble_not_supported": "BLE wird nicht unterstützt", "welcome_name": "Willkommen, %1$s!", "ok": "OK", "label_device_address": "Geräte-Adresse:", "no_data": "Keine Daten", "connected": "Verbunden", "disconnected": "Nicht verbunden", "unknown_device": "Unbekanntes Gerät", "unknown_service": "Unbekannter Service", "menu_connect": "Verbinden", "menu_disconnect": "Trennen", "menu_scan": "Scannen", "welcome": "Willkommen!", "scan_new_course": "Neue Bahn scannen", "congratulations_you_finished_the_run": "Glückwunsch, du hast das Ziel erreicht!", "your_time": "Deine Zeit: %1$s", "previous": "Vorherige", "next": "Nächste", "send_pending_results": "Ergebnis senden", "delete_results": "Ergebnisse löschen", "change_nickname": "Name ändern", "delete_storage": "Gespeicherte Daten löschen", "manage_my_courses": "Meine Bahnen verwalten", "choose_heart_rate_device": "Pulsmessgerät wählen", "test_heart_rate_device": "Pulsmessgerät testen", "scan_qr_code": "QR-Scan", "start_run": "Start!", "gps_on_off": "GPS", "version": "Version %1$s", "trying_to_connect_to": "Versuche mit %1$s zu verbinden", "trying_to_connect_to_address": "Versuche mit Gerät mit Adresse %1$s zu verbinden", "connection_successful": "Verbindung erfolgreich!", "connected_please_make_sure": "Die Verbindung mit %1$s wurde erfolgreich hergestellt. Achte darauf, dass das Gerät beim Start eingeschaltet ist!", "connection_failed": "Verbindung fehlgeschlagen!", "connection_unsuccessful": "Die Verbindung ist fehlgeschlagen. Hast du das richtige Gerät ausgewählt? Das Gerät muss Bluetooth Low Energy unterstützen!", "do_you_want_to_delete": "Möchtest du alle gespeicherten Daten (Ergebnisse, Bahn, Name) löschen?", "do_you_want_to_delete_results": "Möchtest du alle gespeicherten Ergebnisse löschen?", "yes": "Ja", "no": "Nein", "please_wait_while_the_course_is_loaded": "Bitte warten, bis die Bahn geladen ist…", "no_course_qr_code_scanned": "Kein QR-Code gescannt!", "no_cp_qr_code_scanned": "Kein QR-Code gescannt!", "enter_nickname": "Gib einen Namen ein, mit dem dein Lehrer oder Trainer dich später identifizieren kann.", "name_cannot_be_empty": "Der Name darf nicht leer sein!", "course_now_available": "Die Bahn ist jetzt verfügbar!", "caching_the_map": "Karte wird geladen… das kann etwas dauern.", "next_question": "Nächste Frage!", "your_answer_correct_answer": "Deine Antwort: %1$s\\n\\nRichtige Antwort: %2$s", "want_to_activate_gps": "Möchtest du GPS einschalten? Diese Option wird deine Position für die spätere Auswertung auf der Website aufzeichnen. Du musst trotzdem QR-Codes scannen!", "cp_name_first": "Start", "cp_name_last": "Ziel", "control_point_descriptions": "Postenbeschreibung", "do_you_really_want_to_stop_run": "Möchtest du den Lauf wirklich abbrechen? Dein Ergebnis wird nicht gespeichert.", "start_your_run": "Los geht\\'s!", "regular_cp_reached": "Du hast Posten #%1$d erreicht!", "wrong_cp": "Das ist der falsche Posten!", "at_start": "Du hast den Start erreicht! Klicke \\\"Start!\\\" um loszulegen!", "menu_refresh": "Aktualisieren", "menu_stop": "Stopp", "enter": "Abschicken", "error_bluetooth_not_supported": "Bluetooth wird nicht unterstützt.", "unknown_characteristic": "Unbekannte Characteristic", "label_state": "Status:", "label_data": "Daten:", "title_devices": "BLE-Gerätescan", "notification_text": "Liest Standortdaten", "borgMessage": "Gut gemacht! Wie empfindest du die körperliche Belastung bisher?", "borgLevel1": "sehr locker", "borgLevel2": "locker", "borgLevel3": "mäßig", "borgLevel4": "etwas anstrengend", "borgLevel5": "recht anstrengend", "borgLevel6": "anstrengend", "borgLevel7": "sehr anstrengend", "borgLevel8": "sehr, sehr anstrengend", "borgLevel9": "extrem anstrengend", "borgLevel10": "maximal anstrengend", "you_can_skip": "Du kannst den nächsten Posten auslassen! Lauf direkt weiter zum Posten #%1$d!", "you_can_skip_finish": "Du kannst den nächsten Posten auslassen! Lauf direkt weiter zum Ziel!", "turn_on_location_qr": "Aktiviere den Standort, um GPS zu verwenden!", "turn_on_location_gps": "Der GPS-Modus benötigt deinen Standort. Aktiviere den Standort, um fortzufahren!", "location_settings": "Standort-Einstellungen", "cancel": "Abbrechen", "quit_run": "Lauf beenden", "error_cannot_fetch_course_probably_due_to_internet": "Netzwerkfehler! Hat das Gerät eine Internetverbindung?", "results_title": "Bisherige Läufe", "code": "Code", "course": "Bahn", "loading_map": "Lade Karte…", "show_results": "Ergebnisse anzeigen", "missing_tiles_due_to_internet": "Karte wurde nicht geladen. Hat das Gerät eine Internetverbindung?", "click_result_link": "Klicke auf \\'%1$s\\' im Menü, um alle deine Läufe und Ergebnise anzuzeigen.", "result_not_uploaded_yet": "Dieses Ergebnis wird hochgeladen, sobald eine Internetverbindung besteht.", "where_am_i": "Brauchst du einen Hinweis?", "show_my_location": "Meinen Standort anzeigen", "location_already_showing": "Dein Standort wird bereits angezeigt!", "no_location_available": "Standort nicht verfügbar!", "session_has_not_startet_yet": "Diese Session hat noch nicht begonnen! Sie startet am %1$s.", "session_has_already_ended": "Diese Session ist bereits vorbei! Sie endete am %1$s.", "error_double_scan_unique_qr_code": "Der QR-Code wurde bereits verwendet!", "error_course_not_found": "Kurs wurde nicht gefunen. Verwendest du den richtigen QR-Code?", "mc_hint": "Mehrere Antworten können richtig sein."}